A001-0,A001,Store,2024-06-25,Expired
A001-1,A001,Store,2024-06-25,Expired
A001-2,A001,Store,2024-06-25,Expired
A001-3,A001,Store,2024-06-25,Expired
A001-4,A001,Store,2024-06-25,Expired
A001-5,A001,Store,2024-06-25,Expired
A001-6,A001,Store,2024-06-25,Expired
A001-7,A001,Store,2024-06-25,Expired
A001-8,A001,Store,2024-06-25,Expired
A001-9,A001,Store,2024-06-25,Expired
B002-0,B002,Warehouse,2024-07-05,Available
B002-1,B002,Warehouse,2024-07-05,Available
B002-2,B002,Warehouse,2024-07-05,Available
B002-3,B002,Warehouse,2024-07-05,Available
B002-4,B002,Warehouse,2024-07-05,Available
B002-5,B002,Warehouse,2024-07-05,Available
B002-6,B002,Warehouse,2024-07-05,Available
B002-7,B002,Warehouse,2024-07-05,Available
B002-8,B002,Warehouse,2024-07-05,Available
B002-9,B002,Warehouse,2024-07-05,Available
B002-10,B002,Warehouse,2024-07-05,Available
B002-11,B002,Warehouse,2024-07-05,Available
B002-12,B002,Warehouse,2024-07-05,Available
B002-13,B002,Warehouse,2024-07-05,Available
B002-14,B002,Warehouse,2024-07-05,Available
B002-15,B002,Warehouse,2024-07-05,Available
B002-16,B002,Warehouse,2024-07-05,Available
B002-17,B002,Warehouse,2024-07-05,Available
B002-18,B002,Warehouse,2024-07-05,Available
B002-19,B002,Warehouse,2024-07-05,Available
M003-0,M003,Store,2024-06-30,Expired
M003-1,M003,Store,2024-06-30,Expired
M003-2,M003,Store,2024-06-30,Expired
M003-3,M003,Store,2024-06-30,Expired
M003-4,M003,Store,2024-06-30,Expired
M003-5,M003,Store,2024-06-30,Expired
M003-6,M003,Store,2024-06-30,Expired
M003-7,M003,Store,2024-06-30,Expired
M003-8,M003,Store,2024-06-30,Expired
M003-9,M003,Store,2024-06-30,Expired
M003-10,M003,Store,2024-06-30,Expired
M003-11,M003,Store,2024-06-30,Expired
M003-12,M003,Store,2024-06-30,Expired
M003-13,M003,Store,2024-06-30,Expired
M003-14,M003,Store,2024-06-30,Expired
M003-15,M003,Store,2024-06-30,Expired
M003-16,M003,Store,2024-06-30,Expired
M003-17,M003,Store,2024-06-30,Expired
M003-18,M003,Store,2024-06-30,Expired
M003-19,M003,Store,2024-06-30,Expired
M003-20,M003,Store,2024-06-30,Expired
M003-21,M003,Store,2024-06-30,Expired
M003-22,M003,Store,2024-06-30,Expired
M003-23,M003,Store,2024-06-30,Expired
M003-24,M003,Store,2024-06-30,Expired
M003-25,M003,Store,2024-06-30,Expired
M003-26,M003,Store,2024-06-30,Expired
M003-27,M003,Store,2024-06-30,Expired
M003-28,M003,Store,2024-06-30,Expired
M003-29,M003,Store,2024-06-30,Expired
C004-0,C004,Store,2024-07-01,Expired
C004-1,C004,Store,2024-07-01,Expired
C004-2,C004,Store,2024-07-01,Expired
C004-3,C004,Store,2024-07-01,Expired
C004-4,C004,Store,2024-07-01,Expired
C004-5,C004,Store,2024-07-01,Expired
C004-6,C004,Store,2024-07-01,Expired
C004-7,C004,Store,2024-07-01,Expired
C004-8,C004,Store,2024-07-01,Expired
C004-9,C004,Store,2024-07-01,Expired
C004-10,C004,Store,2024-07-01,Expired
C004-11,C004,Store,2024-07-01,Expired
C004-12,C004,Store,2024-07-01,Expired
C004-13,C004,Store,2024-07-01,Expired
C004-14,C004,Store,2024-07-01,Expired
C004-15,C004,Store,2024-07-01,Expired
C004-16,C004,Store,2024-07-01,Expired
C004-17,C004,Store,2024-07-01,Expired
C004-18,C004,Store,2024-07-01,Expired
C004-19,C004,Store,2024-07-01,Expired
C004-20,C004,Store,2024-07-01,Expired
C004-21,C004,Store,2024-07-01,Expired
C004-22,C004,Store,2024-07-01,Expired
C004-23,C004,Store,2024-07-01,Expired
C004-24,C004,Store,2024-07-01,Expired
Y005-0,Y005,Store,2024-06-28,Expired
Y005-1,Y005,Store,2024-06-28,Expired
Y005-2,Y005,Store,2024-06-28,Expired
Y005-3,Y005,Store,2024-06-28,Expired
Y005-4,Y005,Store,2024-06-28,Expired
Y005-5,Y005,Store,2024-06-28,Expired
Y005-6,Y005,Store,2024-06-28,Expired
Y005-7,Y005,Store,2024-06-28,Expired
Y005-8,Y005,Store,2024-06-28,Expired
Y005-9,Y005,Store,2024-06-28,Expired
Y005-10,Y005,Store,2024-06-28,Expired
Y005-11,Y005,Store,2024-06-28,Expired
Y005-12,Y005,Store,2024-06-28,Expired
Y005-13,Y005,Store,2024-06-28,Expired
Y005-14,Y005,Store,2024-06-28,Expired
B006-0,B006,Store,2024-07-01,Expired
B006-1,B006,Store,2024-07-01,Expired
B006-2,B006,Store,2024-07-01,Expired
B006-3,B006,Store,2024-07-01,Expired
B006-4,B006,Store,2024-07-01,Expired
B006-5,B006,Store,2024-07-01,Expired
B006-6,B006,Store,2024-07-01,Expired
B006-7,B006,Store,2024-07-01,Expired
B006-8,B006,Store,2024-07-01,Expired
B006-9,B006,Store,2024-07-01,Expired
B006-10,B006,Store,2024-07-01,Expired
B006-11,B006,Store,2024-07-01,Expired
B006-12,B006,Store,2024-07-01,Expired
B006-13,B006,Store,2024-07-01,Expired
B006-14,B006,Store,2024-07-01,Expired
B006-15,B006,Store,2024-07-01,Expired
B006-16,B006,Store,2024-07-01,Expired
B006-17,B006,Store,2024-07-01,Expired
B006-18,B006,Store,2024-07-01,Expired
B006-19,B006,Store,2024-07-01,Expired
